PROGRAM_ID;PARAMETER;START_YEAR;END_YEAR;METHOD;METHOD_DESCRIPTION
 D.C.
 D.C.
""
""
""
""
""
""
""
""
""
""
""
""
""
""
""
""
""
""
""
""
""
""
""
" D.C."""
 D.C.
 D.C.
""
""
""
""
""
""
""
""
""
""
""
""
""
""
""
""
""
""
""
""
""
""
""
""
""
 EPA Las Vegas.
 EPA Las Vegas.
 EPA Las Vegas.
 EPA Las Vegas.
 EPA Las Vegas.
""
""
""
""
""
""
""
""
""
""
""
""
""
""
""
""
""
""
""
""
""
""
""
""
""
""
""
""
""
""
""
""
""
""
""
""
""
""
""
""
""
""
""
""
""
""
""
""
""
""
""
""
""
""
""
""
""
""
""
""
""
""
""
""
""
""
 D.C.
""
""
""
 D.C.
 D.C.
""
""
""
""
""
""
""
""
""
""
""
""
""
""
""
""
 1987.
""
""
""
""
""
""
""
""
""
""
""
""
""
""
""
""
""
""
""
""
""
""
""
""
""
""
""
""
""
""
""
""
""
""
""
""
""
""
 1987.
""
""
""
""
""
""
""
""
""
""
""
""
""
""
""
""
""
""
""
""
""
""
""
""
""
""
""
""
""
""
""
""
" 1050-1055."""
""
""
""
""
 D.C.
""
""
""
 D.C.
""
""
""
""
""
""
""
""
""
""
""
""
""
""
""
""
""
""
""
""
""
""
""
""
""
""
""
""
""
""
""
""
""
""
""
""
""
""
""
""
""
""
""
""
""
""
""
""
""
""
""
""
""
""
""
""
""
""
""
""
""
""
""
""
""
" 1050-1055"""
""
""
""
""
""
""
""
""
""
""
""
""
""
""
""
""
""
""
""
""
""
""
""
